{"media":{"device_id_salt":"CEF0B70370C7AE747952B72D714266C9"},"plugins":{"plugins_list":[]},"profile":{"content_settings":{"exceptions":{"accessibility_events":{},"app_banner":{},"ar":{},"auto_select_certificate":{},"automatic_downloads":{},"autoplay":{},"background_sync":{},"bluetooth_chooser_data":{},"bluetooth_guard":{},"bluetooth_scanning":{},"camera_pan_tilt_zoom":{},"client_hints":{},"clipboard":{},"cookies":{},"durable_storage":{},"fedcm_active_session":{},"fedcm_share":{},"file_system_access_chooser_data":{},"file_system_last_picked_directory":{},"file_system_read_guard":{},"file_system_write_guard":{},"formfill_metadata":{},"geolocation":{},"get_display_media_set_select_all_screens":{},"hid_chooser_data":{},"hid_guard":{},"http_allowed":{},"idle_detection":{},"images":{},"important_site_info":{},"insecure_private_network":{},"installed_web_app_metadata":{},"intent_picker_auto_display":{},"javascript":{},"javascript_jit":{},"legacy_cookie_access":{},"local_fonts":{},"media_engagement":{},"media_stream_camera":{},"media_stream_mic":{},"midi_sysex":{},"mixed_script":{},"nfc_devices":{},"notifications":{},"password_protection":{},"payment_handler":{},"permission_autoblocking_data":{},"permission_autorevocation_data":{},"popups":{},"ppapi_broker":{},"protected_media_identifier":{},"protocol_handler":{},"safe_browsing_url_check_data":{},"sensors":{},"serial_chooser_data":{},"serial_guard":{},"site_engagement":{},"sound":{},"ssl_cert_decisions":{},"storage_access":{},"subresource_filter":{},"subresource_filter_data":{},"usb_chooser_data":{},"usb_guard":{},"vr":{},"webid_api":{},"window_placement":{}},"pref_version":1},"exit_type":"Crashed"},"spellcheck":{"dictionaries":["es"],"dictionary":""}}