{
    "$schema": "schema/compatibility-schema-v1.json",
    "format_version": 1,
    "entries": [
        {
            "name": "CS:GO",
            "translation_key": "Compatibility.Application.CSGO",
            "severity": 1,
            "executable": "csgo.exe",
            "window_class": "",
            "window_title": "",
            "match_flags": 1,
            "game_capture": true,
            "window_capture": false,
            "window_capture_wgc": false,
            "message": "CS:GO may require the <code>-allow_third_party_software</code> launch option to use Game Capture.",
            "url": "https://help.steampowered.com/faqs/view/09A0-4879-4353-EF95#whitelist"
        },
        {
            "name": "Electron",
            "translation_key": "Compatibility.Application.ElectronBitBlt",
            "severity": 0,
            "executable": "",
            "window_class": "Chrome_WidgetWin_0",
            "window_title": "",
            "match_flags": 4,
            "game_capture": false,
            "window_capture": true,
            "window_capture_wgc": false,
            "message": "Electron-based applications may not be capturable using the selected Capture Method (BitBlt).",
            "url": ""
        },
        {
            "name": "Electron",
            "translation_key": "Compatibility.Application.ElectronBitBlt",
            "severity": 0,
            "executable": "",
            "window_class": "Chrome_WidgetWin_1",
            "window_title": "",
            "match_flags": 4,
            "game_capture": false,
            "window_capture": true,
            "window_capture_wgc": false,
            "message": "Electron-based applications may not be capturable using the selected Capture Method (BitBlt).",
            "url": ""
        },
        {
            "name": "Electron",
            "translation_key": "Compatibility.Application.ElectronGameCapture",
            "severity": 2,
            "executable": "",
            "window_class": "Chrome_WidgetWin_0",
            "window_title": "",
            "match_flags": 4,
            "game_capture": true,
            "window_capture": false,
            "window_capture_wgc": false,
            "message": "Games built on Electron cannot be captured using Game Capture. Use Window Capture or Display Capture instead.",
            "url": ""
        },
        {
            "name": "Electron",
            "translation_key": "Compatibility.Application.ElectronGameCapture",
            "severity": 2,
            "executable": "",
            "window_class": "Chrome_WidgetWin_1",
            "window_title": "",
            "match_flags": 4,
            "game_capture": true,
            "window_capture": false,
            "window_capture_wgc": false,
            "message": "Games built on Electron cannot be captured using Game Capture. Use Window Capture or Display Capture instead.",
            "url": ""
        },
        {
            "name": "Minecraft: Java Edition",
            "translation_key": "Compatibility.Application.Minecraft",
            "severity": 0,
            "executable": "javaw.exe",
            "window_class": "",
            "window_title": "Minecraft",
            "match_flags": 3,
            "game_capture": true,
            "window_capture": false,
            "window_capture_wgc": false,
            "message": "If you're having issues capturing Minecraft: Java Edition check our troubleshooting guide.",
            "url": "https://obsproject.com/kb/minecraft-java-edition-troubleshooting"
        },
        {
            "name": "Call of Duty",
            "translation_key": "Compatibility.GameCapture.Admin",
            "severity": 1,
            "executable": "cod.exe",
            "window_class": "",
            "window_title": "",
            "match_flags": 1,
            "game_capture": true,
            "window_capture": false,
            "window_capture_wgc": false,
            "message": "Call of Duty may require OBS to be run as admin to use Game Capture.",
            "url": "https://obsproject.com/kb/game-capture-troubleshooting"
        },
        {
            "name": "Genshin Impact",
            "translation_key": "Compatibility.GameCapture.Admin",
            "severity": 1,
            "executable": "GenshinImpact.exe",
            "window_class": "",
            "window_title": "",
            "match_flags": 1,
            "game_capture": true,
            "window_capture": false,
            "window_capture_wgc": false,
            "message": "Genshin Impact may require OBS to be run as admin to use Game Capture.",
            "url": "https://obsproject.com/kb/game-capture-troubleshooting"
        },
        {
            "name": "Destiny 2",
            "translation_key": "Compatibility.GameCapture.Blocked",
            "severity": 2,
            "executable": "destiny2.exe",
            "window_class": "",
            "window_title": "",
            "match_flags": 1,
            "game_capture": true,
            "window_capture": false,
            "window_capture_wgc": false,
            "message": "Destiny 2 cannot be captured via Game Capture. Use Window Capture or Display Capture instead.",
            "url": "https://www.bungie.net/en/Help/Article/46101"
        },
        {
            "name": "Grand Theft Auto: San Andreas",
            "translation_key": "Compatibility.GameCapture.Blocked",
            "severity": 2,
            "executable": "gta-sa.exe",
            "window_class": "",
            "window_title": "",
            "match_flags": 1,
            "game_capture": true,
            "window_capture": false,
            "window_capture_wgc": false,
            "message": "Grand Theft Auto: San Andreas cannot be captured via Game Capture. Use Window Capture or Display Capture instead.",
            "url": ""
        },
        {
            "name": "League of Legends Launcher",
            "translation_key": "Compatibility.GameCapture.Blocked",
            "severity": 1,
            "executable": "LeagueClientUx.exe",
            "window_class": "",
            "window_title": "",
            "match_flags": 1,
            "game_capture": true,
            "window_capture": false,
            "window_capture_wgc": false,
            "message": "League of Legends Launcher cannot be captured via Game Capture. Use Window Capture or Display Capture instead.",
            "url": ""
        },
        {
            "name": "San Andreas Multiplayer",
            "translation_key": "Compatibility.GameCapture.Blocked",
            "severity": 2,
            "executable": "samp.exe",
            "window_class": "",
            "window_title": "",
            "match_flags": 1,
            "game_capture": true,
            "window_capture": false,
            "window_capture_wgc": false,
            "message": "San Andreas Multiplayer cannot be captured via Game Capture. Use Window Capture or Display Capture instead.",
            "url": ""
        },
        {
            "name": "Terraria",
            "translation_key": "Compatibility.GameCapture.WrongGPU",
            "severity": 0,
            "executable": "terraria.exe",
            "window_class": "",
            "window_title": "",
            "match_flags": 1,
            "game_capture": true,
            "window_capture": false,
            "window_capture_wgc": false,
            "message": "Terraria must run on the same GPU as OBS. If you are not seeing a preview, follow our troubleshooting guide.",
            "url": "https://obsproject.com/kb/gpu-selection-guide"
        },
        {
            "name": "Chrome",
            "translation_key": "Compatibility.WindowCapture.BitBlt",
            "severity": 0,
            "executable": "chrome.exe",
            "window_class": "",
            "window_title": "",
            "match_flags": 1,
            "game_capture": false,
            "window_capture": true,
            "window_capture_wgc": false,
            "message": "Chrome may not be capturable using the selected Capture Method (BitBlt).",
            "url": ""
        },
        {
            "name": "Edge",
            "translation_key": "Compatibility.WindowCapture.BitBlt",
            "severity": 0,
            "executable": "msedge.exe",
            "window_class": "",
            "window_title": "",
            "match_flags": 1,
            "game_capture": false,
            "window_capture": true,
            "window_capture_wgc": false,
            "message": "Edge may not be capturable using the selected Capture Method (BitBlt).",
            "url": ""
        },
        {
            "name": "Honkai: Star Rail",
            "translation_key": "Compatibility.GameCapture.Admin",
            "severity": 1,
            "executable": "StarRail.exe",
            "window_class": "",
            "window_title": "",
            "match_flags": 1,
            "game_capture": true,
            "window_capture": false,
            "window_capture_wgc": false,
            "message": "Honkai: Star Rail may require OBS to be run as admin to use Game Capture.",
            "url": "https://obsproject.com/kb/game-capture-troubleshooting"
        }
    ]
}
